<?xml version="1.0" encoding="UTF-8"?>
<metadata modelVersion="1.1.0">
  <groupId>com.hwan</groupId>
  <artifactId>ifitTest</artifactId>
  <version>1.0.0-BUILD-SNAPSHOT</version>
  <versioning>
    <snapshot>
      <localCopy>true</localCopy>
    </snapshot>
    <lastUpdated>20160726180221</lastUpdated>
    <snapshotVersions>
      <snapshotVersion>
        <extension>war</extension>
        <value>1.0.0-BUILD-SNAPSHOT</value>
        <updated>20160726180221</updated>
      </snapshotVersion>
      <snapshotVersion>
        <extension>pom</extension>
        <value>1.0.0-BUILD-SNAPSHOT</value>
        <updated>20160726180221</updated>
      </snapshotVersion>
    </snapshotVersions>
  </versioning>
</metadata>
